Workbook

Sheet Summary
A1: Infection Prevention and Control Assessment Framework (IPCAF) – Summary
A2: Source: WHO Infection prevention and control assessment framework at the facility level (WHO/HIS/SDS/2018.9). Scores update automatically from the eight core-component sheets.
A4: Core component | B4: Score | C4: Max | D4: % Achieved
A5: 1. IPC programme | B5: ='CC1'!D17 -> 60 | C5: ='CC1'!E17 -> 100 | D5: =IFERROR(B5/C5,0) -> 0.6
A6: 2. IPC guidelines | B6: ='CC2'!D25 -> 42.5 | C6: ='CC2'!E25 -> 100 | D6: =IFERROR(B6/C6,0) -> 0.425
A7: 3. IPC education and training | B7: ='CC3'!D14 -> 40 | C7: ='CC3'!E14 -> 100 | D7: =IFERROR(B7/C7,0) -> 0.4
A8: 4. HAI surveillance | B8: ='CC4'!D28 -> 27.5 | C8: ='CC4'!E28 -> 100 | D8: =IFERROR(B8/C8,0) -> 0.275
A9: 5. Multimodal strategies | B9: ='CC5'!D13 -> 50 | C9: ='CC5'!E13 -> 100 | D9: =IFERROR(B9/C9,0) -> 0.5
A10: 6. Monitoring/audit of IPC practices and feedback | B10: ='CC6'!D24 -> 40 | C10: ='CC6'!E24 -> 100 | D10: =IFERROR(B10/C10,0) -> 0.4
A11: 7. Workload, staffing and bed occupancy | B11: ='CC7'!D12 -> 35 | C11: ='CC7'!E12 -> 100 | D11: =IFERROR(B11/C11,0) -> 0.35
A12: 8. Built environment, materials and equipment for IPC | B12: ='CC8'!D21 -> 40 | C12: ='CC8'!E21 -> 100 | D12: =IFERROR(B12/C12,0) -> 0.4
A13: Final total score | B13: =SUM(B5:B12) -> 335 | C13: =SUM(C5:C12) -> 800 | D13: =IFERROR(B13/C13,0) -> 0.41875
A15: Total score (out of 800) | B15: =B13 -> 335
A16: Assigned IPC level | B16: =IF(B15<=200,"1. Inadequate",IF(B15<=400,"2. Basic",IF(B15<=600,"3. Intermediate","4. Advanced"))) -> 2. Basic
A18: IPC level reference:
A19: 0–200 Inadequate
A20: 201–400 Basic
A21: 401–600 Intermediate
A22: 601–800 Advanced

Sheet Lookups
A1: No | B1: 0 | D1: No | E1: 0 | G1: No IPC professional available | H1: 0 | J1: No | K1: 0 | M1: No | N1: 0 | P1: No | Q1: 0 | S1: No | T1: 0 | V1: No | W1: 0 | Y1: No | Z1: 0 | AB1: No | AC1: 0 | AE1: No | AF1: 0 | AH1: No | AI1: 0 | AK1: No | AL1: 0 | AN1: No | AO1: 0 | AQ1: No | AR1: 0 | AT1: No | AU1: 0 | AW1: No | AX1: 0 | AZ1: No | BA1: 0 | BC1: No | BD1: 0 | BF1: No | BG1: 0 | BI1: No | BJ1: 0 | BL1: No | BM1: 0 | BO1: No | BP1: 0 | BR1: No | BS1: 0 | BU1: No | BV1: 0 | BX1: No | BY1: 0 | CA1: No | CB1: 0 | CD1: No | CE1: 0 | CG1: No | CH1: 0 | CJ1: No | CK1: 0 | CM1: No | CN1: 0 | CP1: No | CQ1: 0 | CS1: No | CT1: 0 | CV1: No | CW1: 0 | CY1: No | CZ1: 0 | DB1: No | DC1: 0 | DE1: Never or rarely | DF1: 0 | DH1: Never or rarely | DI1: 0 | DK1: No | DL1: 0 | DN1: No training available | DO1: 0 | DQ1: No | DR1: 0 | DT1: No | DU1: 0 | DW1: No | DX1: 0 | DZ1: No | EA1: 0 | EC1: No | ED1: 0 | EF1: No | EG1: 0 | EI1: No | EJ1: 0 | EL1: No | EM1: 0 | EO1: No | EP1: 0 | ER1: No | ES1: 0 | EU1: No | EV1: 0 | EX1: No | EY1: 0 | FA1: No | FB1: 0 | FD1: No | FE1: 0 | FG1: No | FH1: 0 | FJ1: No | FK1: 0 | FM1: No | FN1: 0 | FP1: No | FQ1: 0 | FS1: No | FT1: 0 | FV1: No | FW1: 0 | FY1: No | FZ1: 0 | GB1: No | GC1: 0 | GE1: No | GF1: 0 | GH1: No | GI1: 0 | GK1: No | GL1: 0 | GN1: No | GO1: 0 | GQ1: No | GR1: 0 | GT1: No feedback | GU1: 0 | GW1: No | GX1: 0 | GZ1: Element not included in multimodal strategies | HA1: 0 | HC1: Element not included in multimodal strategies | HD1: 0 | HF1: Element not included in multimodal strategies | HG1: 0 | HI1: Element not included in multimodal strategies | HJ1: 0 | HL1: Element not included in multimodal strategies | HM1: 0 | HO1: No | HP1: 0 | HR1: No | HS1: 0 | HU1: No | HV1: 0 | HX1: No | HY1: 0 | IA1: No | IB1: 0 | ID1: No | IE1: 0 | IG1: No | IH1: 0 | IJ1: No | IK1: 0 | IM1: No | IN1: 0 | IP1: No | IQ1: 0 | IS1: No | IT1: 0 | IV1: No | IW1: 0 | IY1: No | IZ1: 0 | JB1: No | JC1: 0 | JE1: Never | JF1: 0 | JH1: No | JI1: 0 | JK1: No | JL1: 0 | JN1: No | JO1: 0 | JQ1: No | JR1: 0 | JT1: No | JU1: 0 | JW1: No | JX1: 0 | JZ1: No | KA1: 0 | KC1: No | KD1: 0 | KF1: No | KG1: 0 | KI1: No | KJ1: 0 | KL1: No | KM1: 0 | KO1: No | KP1: 0 | KR1: No | KS1: 0 | KU1: Yes, more frequently than twice a week | KV1: 0 | KX1: No | KY1: 0 | LA1: No | LB1: 0 | LD1: No, available on average < 5 days per week | LE1: 0 | LG1: No, not available | LH1: 0 | LJ1: No, not present | LK1: 0 | LM1: Less than required number available/functioning | LN1: 0 | LP1: No | LQ1: 0 | LS1: No | LT1: 0 | LV1: No record of floors/surfaces being cleaned | LW1: 0 | LY1: No materials available | LZ1: 0 | MB1: No | MC1: 0 | ME1: No | MF1: 0 | MH1: No bins or separate sharps disposal | MI1: 0 | MK1: No pit or other disposal method used | ML1: 0 | MN1: No, none present | MO1: 0 | MQ1: No, not present | MR1: 0 | MT1: No, not present | MU1: 0 | MW1: No, available on average < five days per week | MX1: 0 | MZ1: No, not available | NA1: 0
A2: Yes, without clearly defined objectives | B2: 5 | D2: Not a team, only an IPC focal person | E2: 5 | G2: No, only a part-time IPC professional available | H2: 2.5 | J2: Yes | K2: 10 | M2: Yes | N2: 10 | P2: Yes | Q2: 10 | S2: Yes | T2: 5 | V2: Yes | W2: 2.5 | Y2: Yes | Z2: 2.5 | AB2: Yes, IPC objectives only | AC2: 2.5 | AE2: Yes | AF2: 5 | AH2: Yes | AI2: 5 | AK2: Yes, but not delivering results reliably | AL2: 5 | AN2: Yes | AO2: 7.5 | AQ2: Yes | AR2: 2.5 | AT2: Yes | AU2: 2.5 | AW2: Yes | AX2: 2.5 | AZ2: Yes | BA2: 2.5 | BC2: Yes | BD2: 2.5 | BF2: Yes | BG2: 2.5 | BI2: Yes | BJ2: 2.5 | BL2: Yes | BM2: 2.5 | BO2: Yes | BP2: 2.5 | BR2: Yes | BS2: 2.5 | BU2: Yes | BV2: 2.5 | BX2: Yes | BY2: 2.5 | CA2: Yes | CB2: 2.5 | CD2: Yes | CE2: 2.5 | CG2: Yes | CH2: 10 | CJ2: Yes | CK2: 10 | CM2: Yes | CN2: 10 | CP2: Yes | CQ2: 7.5 | CS2: Yes | CT2: 10 | CV2: Yes | CW2: 10 | CY2: Yes | CZ2: 10 | DB2: Yes | DC2: 10 | DE2: New employee orientation only for health care workers | DF2: 5 | DH2: New employee orientation only for other personnel | DI2: 5 | DK2: Yes | DL2: 5 | DN2: Using written information and/or oral instruction and/or e-learning only | DO2: 5 | DQ2: Yes, but not regularly | DR2: 5 | DT2: Yes, in some disciplines | DU2: 5 | DW2: Yes | DX2: 5 | DZ2: Yes | EA2: 10 | EC2: Yes | ED2: 5 | EF2: Yes | EG2: 5 | EI2: Yes | EJ2: 5 | EL2: Yes | EM2: 5 | EO2: Yes | EP2: 5 | ER2: Yes | ES2: 2.5 | EU2: Yes | EV2: 2.5 | EX2: Yes | EY2: 2.5 | FA2: Yes | FB2: 2.5 | FD2: Yes | FE2: 2.5 | FG2: Yes | FH2: 2.5 | FJ2: Yes | FK2: 2.5 | FM2: Yes | FN2: 5 | FP2: Yes | FQ2: 5 | FS2: Yes | FT2: 5 | FV2: Yes | FW2: 5 | FY2: Yes, can differentiate gram-positive/negative strains but cannot identify pathogens | FZ2: 2.5 | GB2: Yes | GC2: 5 | GE2: Yes | GF2: 5 | GH2: Yes | GI2: 2.5 | GK2: Yes | GL2: 2.5 | GN2: Yes | GO2: 2.5 | GQ2: Yes | GR2: 2.5 | GT2: By written/oral information only | GU2: 2.5 | GW2: Yes | GX2: 15 | GZ2: Interventions to ensure necessary infrastructure and continuous availability of supplies | HA2: 5 | HC2: Written information and/or oral instruction and/or e-learning only | HD2: 5 | HF2: Monitoring compliance with process or outcome indicators | HG2: 5 | HI2: Reminders, posters, or other advocacy/awareness-raising tools | HJ2: 5 | HL2: Managers/leaders show visible support and act as champions/role models | HM2: 5 | HO2: Yes | HP2: 15 | HR2: Yes | HS2: 10 | HU2: Yes | HV2: 10 | HX2: Yes | HY2: 10 | IA2: Yes | IB2: 7.5 | ID2: Yes | IE2: 5 | IG2: Yes | IH2: 5 | IJ2: Yes | IK2: 5 | IM2: Yes | IN2: 5 | IP2: Yes | IQ2: 5 | IS2: Yes | IT2: 5 | IV2: Yes | IW2: 5 | IY2: Yes | IZ2: 5 | JB2: Yes | JC2: 5 | JE2: Periodically, but no regular schedule | JF2: 2.5 | JH2: Yes | JI2: 2.5 | JK2: Yes | JL2: 2.5 | JN2: Yes | JO2: 2.5 | JQ2: Yes | JR2: 2.5 | JT2: Yes | JU2: 2.5 | JW2: Yes | JX2: 10 | JZ2: Yes | KA2: 5 | KC2: Yes | KD2: 5 | KF2: Yes | KG2: 5 | KI2: Yes, for staff in less than 50% of units | KJ2: 5 | KL2: Yes | KM2: 10 | KO2: Yes, but only in certain departments | KP2: 5 | KR2: Yes, but only in certain departments | KS2: 5 | KU2: Yes, less frequently than twice a week | KV2: 5 | KX2: Yes, but only in certain departments | KY2: 5 | LA2: Yes, this is the responsibility of the head of department | LB2: 5 | LD2: Yes, available on average ≥ 5 days per week or every day but not of sufficient quantity | LE2: 2.5 | LG2: Sometimes, or only in some places or not for all users | LH2: 2.5 | LJ2: Yes, stations present, but supplies are not reliably available | LK2: 2.5 | LM2: Sufficient number present but not all functioning | LN2: 2.5 | LP2: Yes, sometimes or only in some of the mentioned areas | LQ2: 2.5 | LS2: Yes | LT2: 5 | LV2: Record exists, but not completed/signed daily or is outdated | LW2: 2.5 | LY2: Yes, available but not well maintained | LZ2: 2.5 | MB2: No single rooms but rather rooms suitable for patient cohorting available | MC2: 2.5 | ME2: Yes, but not continuously available in sufficient quantities | MF2: 2.5 | MH2: Separate bins present but lids missing/more than 3/4 full, or only two bins, or incomplete coverage | MI2: 2.5 | MK2: Pit in facility but insufficient/overfilled/not fenced, or irregular municipal pick up | ML2: 2.5 | MN2: Present, but not functional | MO2: 1 | MQ2: Yes, but not functioning reliably | MR2: 2.5 | MT2: Yes, but not functioning reliably | MU2: 2.5 | MW2: Yes, available on average ≥ five days per week or every day, but not of sufficient quantity | MX2: 2.5 | MZ2: Yes, but only sometimes available | NA2: 2.5
A3: Yes, with clearly defined objectives and annual activity plan | B3: 10 | D3: Yes | E3: 10 | G3: Yes, one per > 250 beds | H3: 5 | AB3: Yes, IPC objectives and measurable outcome indicators | AC3: 5 | AK3: Yes, and delivering results reliably | AL3: 10 | DE3: New employee orientation and regular (at least annually) IPC training offered but not mandatory | DF3: 10 | DH3: New employee orientation and regular (at least annually) training offered but not mandatory | DI3: 10 | DN3: Includes additional interactive training sessions (e.g. simulation and/or bedside training) | DO3: 10 | DQ3: Yes, regularly (at least annually) | DR3: 10 | DT3: Yes, in all disciplines | DU3: 10 | FY3: Yes, can reliably identify pathogens in a timely manner | FZ3: 5 | GT3: By presentation and interactive problem-orientated solution finding | GU3: 7.5 | GZ3: As above, and addressing ergonomics and accessibility | HA3: 10 | HC3: Additional interactive training sessions (incl. simulation/bedside training) | HD3: 10 | HF3: Monitoring compliance and providing timely feedback to health care workers and key players | HG3: 10 | HI3: Additional methods/initiatives to improve team communication across units and disciplines | HJ3: 10 | HL3: Additionally, teams and individuals are empowered/perceive ownership | HM3: 10 | JE3: At least annually | JF3: 5 | KI3: Yes, for staff in more than 50% of units | KJ3: 10 | KO3: Yes, for all departments (including emergency department and pediatrics) | KP3: 15 | KR3: Yes, for all units (including emergency departments and pediatrics) | KS3: 15 | KU3: No | KV3: 15 | KX3: Yes, for all departments (including emergency department and pediatrics) | KY3: 15 | LA3: Yes, this is the responsibility of the hospital administration/management | LB3: 10 | LD3: Yes, every day and of sufficient quantity | LE3: 7.5 | LG3: Yes, accessible at all times and for all wards/groups | LH3: 7.5 | LJ3: Yes, with reliably available supplies | LK3: 7.5 | LM3: Sufficient number present and functioning | LN3: 7.5 | LP3: Yes, always and in all mentioned areas | LQ3: 5 | LV3: Yes, record completed and signed daily | LW3: 5 | LY3: Yes, available and well-maintained | LZ3: 5 | MB3: Yes, single rooms are available | MC3: 7.5 | ME3: Yes, continuously available in sufficient quantities | MF3: 7.5 | MH3: Yes | MI3: 5 | MK3: Yes | ML3: 5 | MN3: Yes | MO3: 5 | MQ3: Yes and functioning reliably | MR3: 5 | MT3: Yes and functioning reliably | MU3: 5 | MW3: Yes, available every day and of sufficient quantity | MX3: 5 | MZ3: Yes, continuously available | NA3: 5
G4: Yes, one per ≤ 250 beds | H4: 10 | AB4: Yes, IPC objectives, measurable outcome indicators and set future targets | AC4: 10 | DE4: New employee orientation and regular (at least annually) mandatory IPC training for all health care workers | DF4: 15 | DH4: New employee orientation and regular (at least annually) mandatory IPC training for other personnel | DI4: 15 | FY4: Yes, can reliably identify pathogens and antimicrobial drug resistance patterns in a timely manner | FZ4: 10 | KI4: Yes, for all health care workers in the facility | KJ4: 15

Sheet CC1
A1: Core component 1: Infection Prevention and Control (IPC) programme
A2: Select your answer for each question from the dropdown list in column C. The score is calculated automatically.
A3: No. | B3: Question / Indicator | C3: Your answer (select from list) | D3: Score | E3: Max
A4: 1 | B4: Do you have an IPC programme? | C4: Yes, without clearly defined objectives | D4: =IFERROR(INDEX(Lookups!$B$1:$B$3,MATCH($C4,Lookups!$A$1:$A$3,0)),0) -> 5 | E4: 10
A5: 2 | B5: Is the IPC programme supported by an IPC team comprising of IPC professionals? | C5: Not a team, only an IPC focal person | D5: =IFERROR(INDEX(Lookups!$E$1:$E$3,MATCH($C5,Lookups!$D$1:$D$3,0)),0) -> 5 | E5: 10
A6: 3 | B6: Does the IPC team have at least one full-time IPC professional or equivalent (nurse or doctor working 100% in IPC) available? | C6: No, only a part-time IPC professional available | D6: =IFERROR(INDEX(Lookups!$H$1:$H$4,MATCH($C6,Lookups!$G$1:$G$4,0)),0) -> 2.5 | E6: 10
A7: 4 | B7: Does the IPC team or focal person have dedicated time for IPC activities? | C7: Yes | D7: =IFERROR(INDEX(Lookups!$K$1:$K$2,MATCH($C7,Lookups!$J$1:$J$2,0)),0) -> 10 | E7: 10
A8: 5 | B8: Does the IPC team include both doctors and nurses? | C8: Yes | D8: =IFERROR(INDEX(Lookups!$N$1:$N$2,MATCH($C8,Lookups!$M$1:$M$2,0)),0) -> 10 | E8: 10
A9: 6 | B9: Do you have an IPC committee actively supporting the IPC team? | C9: Yes | D9: =IFERROR(INDEX(Lookups!$Q$1:$Q$2,MATCH($C9,Lookups!$P$1:$P$2,0)),0) -> 10 | E9: 10
A10: 7a | B10: IPC committee includes: Senior facility leadership (e.g. administrative director, CEO, medical director)? | C10: Yes | D10: =IFERROR(INDEX(Lookups!$T$1:$T$2,MATCH($C10,Lookups!$S$1:$S$2,0)),0) -> 5 | E10: 5
A11: 7b | B11: IPC committee includes: Senior clinical staff (e.g. physician, nurse)? | C11: Yes | D11: =IFERROR(INDEX(Lookups!$W$1:$W$2,MATCH($C11,Lookups!$V$1:$V$2,0)),0) -> 2.5 | E11: 2.5
A12: 7c | B12: IPC committee includes: Facility management (e.g. biosafety, waste, WASH)? | C12: No | D12: =IFERROR(INDEX(Lookups!$Z$1:$Z$2,MATCH($C12,Lookups!$Y$1:$Y$2,0)),0) -> 0 | E12: 2.5
A13: 8 | B13: Do you have clearly defined IPC objectives (i.e. in specific critical areas)? | C13: No | D13: =IFERROR(INDEX(Lookups!$AC$1:$AC$4,MATCH($C13,Lookups!$AB$1:$AB$4,0)),0) -> 0 | E13: 10
A14: 9a | B14: Senior leadership commitment: allocated budget specifically for the IPC programme? | C14: No | D14: =IFERROR(INDEX(Lookups!$AF$1:$AF$2,MATCH($C14,Lookups!$AE$1:$AE$2,0)),0) -> 0 | E14: 5
A15: 9b | B15: Senior leadership commitment: demonstrable support for IPC objectives/indicators? | C15: Yes | D15: =IFERROR(INDEX(Lookups!$AI$1:$AI$2,MATCH($C15,Lookups!$AH$1:$AH$2,0)),0) -> 5 | E15: 5
A16: 10 | B16: Does your facility have microbiological laboratory support (on or off site) for routine day-to-day use? | C16: Yes, but not delivering results reliably | D16: =IFERROR(INDEX(Lookups!$AL$1:$AL$3,MATCH($C16,Lookups!$AK$1:$AK$3,0)),0) -> 5 | E16: 10
A17: Subtotal score | D17: =SUM(D4:D16) -> 60 | E17: =SUM(E4:E16) -> 100

Sheet CC2
A1: Core component 2: Infection Prevention and Control (IPC) guidelines
A2: Select your answer for each question from the dropdown list in column C. The score is calculated automatically.
A3: No. | B3: Question / Indicator | C3: Your answer (select from list) | D3: Score | E3: Max
A4: 1 | B4: Does your facility have the expertise (in IPC and/or infectious diseases) for developing or adapting guidelines? | C4: Yes | D4: =IFERROR(INDEX(Lookups!$AO$1:$AO$2,MATCH($C4,Lookups!$AN$1:$AN$2,0)),0) -> 7.5 | E4: 7.5
A5: 2a | B5: Guidelines available for: Standard precautions? | C5: Yes | D5: =IFERROR(INDEX(Lookups!$AR$1:$AR$2,MATCH($C5,Lookups!$AQ$1:$AQ$2,0)),0) -> 2.5 | E5: 2.5
A6: 2b | B6: Guidelines available for: Hand hygiene? | C6: Yes | D6: =IFERROR(INDEX(Lookups!$AU$1:$AU$2,MATCH($C6,Lookups!$AT$1:$AT$2,0)),0) -> 2.5 | E6: 2.5
A7: 2c | B7: Guidelines available for: Transmission-based precautions? | C7: Yes | D7: =IFERROR(INDEX(Lookups!$AX$1:$AX$2,MATCH($C7,Lookups!$AW$1:$AW$2,0)),0) -> 2.5 | E7: 2.5
A8: 2d | B8: Guidelines available for: Outbreak management and preparedness? | C8: Yes | D8: =IFERROR(INDEX(Lookups!$BA$1:$BA$2,MATCH($C8,Lookups!$AZ$1:$AZ$2,0)),0) -> 2.5 | E8: 2.5
A9: 2e | B9: Guidelines available for: Prevention of surgical site infection? | C9: No | D9: =IFERROR(INDEX(Lookups!$BD$1:$BD$2,MATCH($C9,Lookups!$BC$1:$BC$2,0)),0) -> 0 | E9: 2.5
A10: 2f | B10: Guidelines available for: Prevention of vascular catheter-associated bloodstream infections? | C10: No | D10: =IFERROR(INDEX(Lookups!$BG$1:$BG$2,MATCH($C10,Lookups!$BF$1:$BF$2,0)),0) -> 0 | E10: 2.5
A11: 2g | B11: Guidelines available for: Prevention of hospital-acquired pneumonia (HAP)? | C11: No | D11: =IFERROR(INDEX(Lookups!$BJ$1:$BJ$2,MATCH($C11,Lookups!$BI$1:$BI$2,0)),0) -> 0 | E11: 2.5
A12: 2h | B12: Guidelines available for: Prevention of catheter-associated urinary tract infections? | C12: No | D12: =IFERROR(INDEX(Lookups!$BM$1:$BM$2,MATCH($C12,Lookups!$BL$1:$BL$2,0)),0) -> 0 | E12: 2.5
A13: 2i | B13: Guidelines available for: Prevention of transmission of multidrug-resistant (MDR) pathogens? | C13: No | D13: =IFERROR(INDEX(Lookups!$BP$1:$BP$2,MATCH($C13,Lookups!$BO$1:$BO$2,0)),0) -> 0 | E13: 2.5
A14: 2j | B14: Guidelines available for: Disinfection and sterilization? | C14: No | D14: =IFERROR(INDEX(Lookups!$BS$1:$BS$2,MATCH($C14,Lookups!$BR$1:$BR$2,0)),0) -> 0 | E14: 2.5
A15: 2k | B15: Guidelines available for: Health care worker protection and safety? | C15: No | D15: =IFERROR(INDEX(Lookups!$BV$1:$BV$2,MATCH($C15,Lookups!$BU$1:$BU$2,0)),0) -> 0 | E15: 2.5
A16: 2l | B16: Guidelines available for: Injection safety? | C16: Yes | D16: =IFERROR(INDEX(Lookups!$BY$1:$BY$2,MATCH($C16,Lookups!$BX$1:$BX$2,0)),0) -> 2.5 | E16: 2.5
A17: 2m | B17: Guidelines available for: Waste management? | C17: Yes | D17: =IFERROR(INDEX(Lookups!$CB$1:$CB$2,MATCH($C17,Lookups!$CA$1:$CA$2,0)),0) -> 2.5 | E17: 2.5
A18: 2n | B18: Guidelines available for: Antibiotic stewardship? | C18: No | D18: =IFERROR(INDEX(Lookups!$CE$1:$CE$2,MATCH($C18,Lookups!$CD$1:$CD$2,0)),0) -> 0 | E18: 2.5
A19: 3 | B19: Are the guidelines in your facility consistent with national/international guidelines (if they exist)? | C19: Yes | D19: =IFERROR(INDEX(Lookups!$CH$1:$CH$2,MATCH($C19,Lookups!$CG$1:$CG$2,0)),0) -> 10 | E19: 10
A20: 4 | B20: Is implementation of the guidelines adapted according to local needs and resources while maintaining key IPC standards? | C20: Yes | D20: =IFERROR(INDEX(Lookups!$CK$1:$CK$2,MATCH($C20,Lookups!$CJ$1:$CJ$2,0)),0) -> 10 | E20: 10
A21: 5 | B21: Are frontline health care workers involved in both planning and executing implementation of IPC guidelines (in addition to IPC personnel)? | C21: No | D21: =IFERROR(INDEX(Lookups!$CN$1:$CN$2,MATCH($C21,Lookups!$CM$1:$CM$2,0)),0) -> 0 | E21: 10
A22: 6 | B22: Are relevant stakeholders involved in the development and adaptation of the IPC guidelines (in addition to IPC personnel)? | C22: No | D22: =IFERROR(INDEX(Lookups!$CQ$1:$CQ$2,MATCH($C22,Lookups!$CP$1:$CP$2,0)),0) -> 0 | E22: 7.5
A23: 7 | B23: Do health care workers receive specific training related to new or updated IPC guidelines introduced in the facility? | C23: No | D23: =IFERROR(INDEX(Lookups!$CT$1:$CT$2,MATCH($C23,Lookups!$CS$1:$CS$2,0)),0) -> 0 | E23: 10
A24: 8 | B24: Do you regularly monitor the implementation of at least some of the IPC guidelines in your facility? | C24: No | D24: =IFERROR(INDEX(Lookups!$CW$1:$CW$2,MATCH($C24,Lookups!$CV$1:$CV$2,0)),0) -> 0 | E24: 10
A25: Subtotal score | D25: =SUM(D4:D24) -> 42.5 | E25: =SUM(E4:E24) -> 100

Sheet CC3
A1: Core component 3: Infection Prevention and Control (IPC) education and training
A2: Select your answer for each question from the dropdown list in column C. The score is calculated automatically.
A3: No. | B3: Question / Indicator | C3: Your answer (select from list) | D3: Score | E3: Max
A4: 1 | B4: Are there personnel with the IPC expertise (in IPC and/or infectious diseases) to lead IPC training? | C4: Yes | D4: =IFERROR(INDEX(Lookups!$CZ$1:$CZ$2,MATCH($C4,Lookups!$CY$1:$CY$2,0)),0) -> 10 | E4: 10
A5: 2 | B5: Are there additional non-IPC personnel with adequate skills to serve as trainers and mentors (e.g. link nurses/doctors, champions)? | C5: No | D5: =IFERROR(INDEX(Lookups!$DC$1:$DC$2,MATCH($C5,Lookups!$DB$1:$DB$2,0)),0) -> 0 | E5: 10
A6: 3 | B6: How frequently do health care workers receive training regarding IPC in your facility? | C6: Never or rarely | D6: =IFERROR(INDEX(Lookups!$DF$1:$DF$4,MATCH($C6,Lookups!$DE$1:$DE$4,0)),0) -> 0 | E6: 15
A7: 4 | B7: How frequently do cleaners and other personnel directly involved in patient care receive training regarding IPC? | C7: Never or rarely | D7: =IFERROR(INDEX(Lookups!$DI$1:$DI$4,MATCH($C7,Lookups!$DH$1:$DH$4,0)),0) -> 0 | E7: 15
A8: 5 | B8: Does administrative and managerial staff receive general training regarding IPC in your facility? | C8: No | D8: =IFERROR(INDEX(Lookups!$DL$1:$DL$2,MATCH($C8,Lookups!$DK$1:$DK$2,0)),0) -> 0 | E8: 5
A9: 6 | B9: How are health care workers and other personnel trained? | C9: Includes additional interactive training sessions (e.g. simulation and/or bedside training) | D9: =IFERROR(INDEX(Lookups!$DO$1:$DO$3,MATCH($C9,Lookups!$DN$1:$DN$3,0)),0) -> 10 | E9: 10
A10: 7 | B10: Are there periodic evaluations of the effectiveness of training programmes? | C10: Yes, but not regularly | D10: =IFERROR(INDEX(Lookups!$DR$1:$DR$3,MATCH($C10,Lookups!$DQ$1:$DQ$3,0)),0) -> 5 | E10: 10
A11: 8 | B11: Is IPC training integrated in the clinical practice and training of other specialties? | C11: Yes, in some disciplines | D11: =IFERROR(INDEX(Lookups!$DU$1:$DU$3,MATCH($C11,Lookups!$DT$1:$DT$3,0)),0) -> 5 | E11: 10
A12: 9 | B12: Is there specific IPC training for patients or family members to minimize the potential for HAIs? | C12: No | D12: =IFERROR(INDEX(Lookups!$DX$1:$DX$2,MATCH($C12,Lookups!$DW$1:$DW$2,0)),0) -> 0 | E12: 5
A13: 10 | B13: Is ongoing development/education offered for IPC staff (e.g. regularly attending conferences, courses)? | C13: Yes | D13: =IFERROR(INDEX(Lookups!$EA$1:$EA$2,MATCH($C13,Lookups!$DZ$1:$DZ$2,0)),0) -> 10 | E13: 10
A14: Subtotal score | D14: =SUM(D4:D13) -> 40 | E14: =SUM(E4:E13) -> 100

Sheet CC4
A1: Core component 4: Health care-associated infection (HAI) surveillance
A2: Select your answer for each question from the dropdown list in column C. The score is calculated automatically.
A3: No. | B3: Question / Indicator | C3: Your answer (select from list) | D3: Score | E3: Max
A4: 1 | B4: Is surveillance a defined component of your IPC programme? | C4: No | D4: =IFERROR(INDEX(Lookups!$ED$1:$ED$2,MATCH($C4,Lookups!$EC$1:$EC$2,0)),0) -> 0 | E4: 5
A5: 2 | B5: Do you have personnel responsible for surveillance activities? | C5: No | D5: =IFERROR(INDEX(Lookups!$EG$1:$EG$2,MATCH($C5,Lookups!$EF$1:$EF$2,0)),0) -> 0 | E5: 5
A6: 3 | B6: Have the professionals responsible for surveillance activities been trained in basic epidemiology, surveillance and IPC? | C6: No | D6: =IFERROR(INDEX(Lookups!$EJ$1:$EJ$2,MATCH($C6,Lookups!$EI$1:$EI$2,0)),0) -> 0 | E6: 5
A7: 4 | B7: Do you have informatics/IT support to conduct your surveillance? | C7: No | D7: =IFERROR(INDEX(Lookups!$EM$1:$EM$2,MATCH($C7,Lookups!$EL$1:$EL$2,0)),0) -> 0 | E7: 5
A8: 5 | B8: Do you go through a prioritization exercise to determine the HAIs to be targeted for surveillance according to local context? | C8: No | D8: =IFERROR(INDEX(Lookups!$EP$1:$EP$2,MATCH($C8,Lookups!$EO$1:$EO$2,0)),0) -> 0 | E8: 5
A9: 6a | B9: Surveillance conducted for: Surgical site infections? | C9: No | D9: =IFERROR(INDEX(Lookups!$ES$1:$ES$2,MATCH($C9,Lookups!$ER$1:$ER$2,0)),0) -> 0 | E9: 2.5
A10: 6b | B10: Surveillance conducted for: Device-associated infections? | C10: No | D10: =IFERROR(INDEX(Lookups!$EV$1:$EV$2,MATCH($C10,Lookups!$EU$1:$EU$2,0)),0) -> 0 | E10: 2.5
A11: 6c | B11: Surveillance conducted for: Clinically-defined infections? | C11: No | D11: =IFERROR(INDEX(Lookups!$EY$1:$EY$2,MATCH($C11,Lookups!$EX$1:$EX$2,0)),0) -> 0 | E11: 2.5
A12: 6d | B12: Surveillance conducted for: Colonization/infections caused by multidrug-resistant pathogens? | C12: No | D12: =IFERROR(INDEX(Lookups!$FB$1:$FB$2,MATCH($C12,Lookups!$FA$1:$FA$2,0)),0) -> 0 | E12: 2.5
A13: 6e | B13: Surveillance conducted for: Local priority epidemic-prone infections? | C13: No | D13: =IFERROR(INDEX(Lookups!$FE$1:$FE$2,MATCH($C13,Lookups!$FD$1:$FD$2,0)),0) -> 0 | E13: 2.5
A14: 6f | B14: Surveillance conducted for: Infections in vulnerable populations? | C14: No | D14: =IFERROR(INDEX(Lookups!$FH$1:$FH$2,MATCH($C14,Lookups!$FG$1:$FG$2,0)),0) -> 0 | E14: 2.5
A15: 6g | B15: Surveillance conducted for: Infections that may affect health care workers? | C15: Yes | D15: =IFERROR(INDEX(Lookups!$FK$1:$FK$2,MATCH($C15,Lookups!$FJ$1:$FJ$2,0)),0) -> 2.5 | E15: 2.5
A16: 7 | B16: Do you regularly evaluate if your surveillance is in line with current needs and priorities of your facility? | C16: No | D16: =IFERROR(INDEX(Lookups!$FN$1:$FN$2,MATCH($C16,Lookups!$FM$1:$FM$2,0)),0) -> 0 | E16: 5
A17: 8 | B17: Do you use reliable surveillance case definitions (per international definitions e.g. CDC NHSN/ECDC, or adapted)? | C17: Yes | D17: =IFERROR(INDEX(Lookups!$FQ$1:$FQ$2,MATCH($C17,Lookups!$FP$1:$FP$2,0)),0) -> 5 | E17: 5
A18: 9 | B18: Do you use standardized data collection methods according to international surveillance protocols (or adapted)? | C18: No | D18: =IFERROR(INDEX(Lookups!$FT$1:$FT$2,MATCH($C18,Lookups!$FS$1:$FS$2,0)),0) -> 0 | E18: 5
A19: 10 | B19: Do you have processes in place to regularly review data quality? | C19: No | D19: =IFERROR(INDEX(Lookups!$FW$1:$FW$2,MATCH($C19,Lookups!$FV$1:$FV$2,0)),0) -> 0 | E19: 5
A20: 11 | B20: Do you have adequate microbiology and laboratory capacity to support surveillance? | C20: Yes, can reliably identify pathogens and antimicrobial drug resistance patterns in a timely manner | D20: =IFERROR(INDEX(Lookups!$FZ$1:$FZ$4,MATCH($C20,Lookups!$FY$1:$FY$4,0)),0) -> 10 | E20: 10
A21: 12 | B21: Are surveillance data used to make tailored unit/facility-based plans for the improvement of IPC practices? | C21: No | D21: =IFERROR(INDEX(Lookups!$GC$1:$GC$2,MATCH($C21,Lookups!$GB$1:$GB$2,0)),0) -> 0 | E21: 5
A22: 13 | B22: Do you analyze antimicrobial drug resistance on a regular basis? | C22: No | D22: =IFERROR(INDEX(Lookups!$GF$1:$GF$2,MATCH($C22,Lookups!$GE$1:$GE$2,0)),0) -> 0 | E22: 5
A23: 14a | B23: Feedback up-to-date surveillance information to: Frontline health care workers? | C23: No | D23: =IFERROR(INDEX(Lookups!$GI$1:$GI$2,MATCH($C23,Lookups!$GH$1:$GH$2,0)),0) -> 0 | E23: 2.5
A24: 14b | B24: Feedback up-to-date surveillance information to: Clinical leaders/heads of department? | C24: No | D24: =IFERROR(INDEX(Lookups!$GL$1:$GL$2,MATCH($C24,Lookups!$GK$1:$GK$2,0)),0) -> 0 | E24: 2.5
A25: 14c | B25: Feedback up-to-date surveillance information to: IPC committee? | C25: Yes | D25: =IFERROR(INDEX(Lookups!$GO$1:$GO$2,MATCH($C25,Lookups!$GN$1:$GN$2,0)),0) -> 2.5 | E25: 2.5
A26: 14d | B26: Feedback up-to-date surveillance information to: Non-clinical management/administration? | C26: No | D26: =IFERROR(INDEX(Lookups!$GR$1:$GR$2,MATCH($C26,Lookups!$GQ$1:$GQ$2,0)),0) -> 0 | E26: 2.5
A27: 15 | B27: How do you feedback up-to-date surveillance information (at least annually)? | C27: By presentation and interactive problem-orientated solution finding | D27: =IFERROR(INDEX(Lookups!$GU$1:$GU$3,MATCH($C27,Lookups!$GT$1:$GT$3,0)),0) -> 7.5 | E27: 7.5
A28: Subtotal score | D28: =SUM(D4:D27) -> 27.5 | E28: =SUM(E4:E27) -> 100

Sheet CC5
A1: Core component 5: Multimodal strategies for implementation of IPC interventions
A2: Select your answer for each question from the dropdown list in column C. The score is calculated automatically.
A3: No. | B3: Question / Indicator | C3: Your answer (select from list) | D3: Score | E3: Max
A4: 1 | B4: Do you use multimodal strategies to implement IPC interventions? | C4: Yes | D4: =IFERROR(INDEX(Lookups!$GX$1:$GX$2,MATCH($C4,Lookups!$GW$1:$GW$2,0)),0) -> 15 | E4: 15
A5: 2a | B5: Multimodal element - System change | C5: Interventions to ensure necessary infrastructure and continuous availability of supplies | D5: =IFERROR(INDEX(Lookups!$HA$1:$HA$3,MATCH($C5,Lookups!$GZ$1:$GZ$3,0)),0) -> 5 | E5: 10
A6: 2b | B6: Multimodal element - Education and training | C6: Written information and/or oral instruction and/or e-learning only | D6: =IFERROR(INDEX(Lookups!$HD$1:$HD$3,MATCH($C6,Lookups!$HC$1:$HC$3,0)),0) -> 5 | E6: 10
A7: 2c | B7: Multimodal element - Monitoring and feedback | C7: Element not included in multimodal strategies | D7: =IFERROR(INDEX(Lookups!$HG$1:$HG$3,MATCH($C7,Lookups!$HF$1:$HF$3,0)),0) -> 0 | E7: 10
A8: 2d | B8: Multimodal element - Communications and reminders | C8: Reminders, posters, or other advocacy/awareness-raising tools | D8: =IFERROR(INDEX(Lookups!$HJ$1:$HJ$3,MATCH($C8,Lookups!$HI$1:$HI$3,0)),0) -> 5 | E8: 10
A9: 2e | B9: Multimodal element - Safety climate and culture change | C9: Managers/leaders show visible support and act as champions/role models | D9: =IFERROR(INDEX(Lookups!$HM$1:$HM$3,MATCH($C9,Lookups!$HL$1:$HL$3,0)),0) -> 5 | E9: 10
A10: 3 | B10: Is a multidisciplinary team used to implement IPC multimodal strategies? | C10: Yes | D10: =IFERROR(INDEX(Lookups!$HP$1:$HP$2,MATCH($C10,Lookups!$HO$1:$HO$2,0)),0) -> 15 | E10: 15
A11: 4 | B11: Do you regularly link to colleagues from quality improvement and patient safety to develop/promote IPC multimodal strategies? | C11: No | D11: =IFERROR(INDEX(Lookups!$HS$1:$HS$2,MATCH($C11,Lookups!$HR$1:$HR$2,0)),0) -> 0 | E11: 10
A12: 5 | B12: Do these strategies include bundles or checklists? | C12: No | D12: =IFERROR(INDEX(Lookups!$HV$1:$HV$2,MATCH($C12,Lookups!$HU$1:$HU$2,0)),0) -> 0 | E12: 10
A13: Subtotal score | D13: =SUM(D4:D12) -> 50 | E13: =SUM(E4:E12) -> 100

Sheet CC6
A1: Core component 6: Monitoring/audit of IPC practices and feedback
A2: Select your answer for each question from the dropdown list in column C. The score is calculated automatically.
A3: No. | B3: Question / Indicator | C3: Your answer (select from list) | D3: Score | E3: Max
A4: 1 | B4: Do you have trained personnel responsible for monitoring/audit of IPC practices and feedback? | C4: Yes | D4: =IFERROR(INDEX(Lookups!$HY$1:$HY$2,MATCH($C4,Lookups!$HX$1:$HX$2,0)),0) -> 10 | E4: 10
A5: 2 | B5: Do you have a well-defined monitoring plan with clear goals, targets and activities? | C5: No | D5: =IFERROR(INDEX(Lookups!$IB$1:$IB$2,MATCH($C5,Lookups!$IA$1:$IA$2,0)),0) -> 0 | E5: 7.5
A6: 3a | B6: Monitor: Hand hygiene compliance (using WHO tool or equivalent)? | C6: Yes | D6: =IFERROR(INDEX(Lookups!$IE$1:$IE$2,MATCH($C6,Lookups!$ID$1:$ID$2,0)),0) -> 5 | E6: 5
A7: 3b | B7: Monitor: Intravascular catheter insertion and/or care? | C7: No | D7: =IFERROR(INDEX(Lookups!$IH$1:$IH$2,MATCH($C7,Lookups!$IG$1:$IG$2,0)),0) -> 0 | E7: 5
A8: 3c | B8: Monitor: Wound dressing change? | C8: No | D8: =IFERROR(INDEX(Lookups!$IK$1:$IK$2,MATCH($C8,Lookups!$IJ$1:$IJ$2,0)),0) -> 0 | E8: 5
A9: 3d | B9: Monitor: Transmission-based precautions and isolation to prevent spread of MDRO? | C9: No | D9: =IFERROR(INDEX(Lookups!$IN$1:$IN$2,MATCH($C9,Lookups!$IM$1:$IM$2,0)),0) -> 0 | E9: 5
A10: 3e | B10: Monitor: Cleaning of the ward environment? | C10: No | D10: =IFERROR(INDEX(Lookups!$IQ$1:$IQ$2,MATCH($C10,Lookups!$IP$1:$IP$2,0)),0) -> 0 | E10: 5
A11: 3f | B11: Monitor: Disinfection and sterilization of medical equipment/instruments? | C11: Yes | D11: =IFERROR(INDEX(Lookups!$IT$1:$IT$2,MATCH($C11,Lookups!$IS$1:$IS$2,0)),0) -> 5 | E11: 5
A12: 3g | B12: Monitor: Consumption/usage of alcohol-based handrub or soap? | C12: Yes | D12: =IFERROR(INDEX(Lookups!$IW$1:$IW$2,MATCH($C12,Lookups!$IV$1:$IV$2,0)),0) -> 5 | E12: 5
A13: 3h | B13: Monitor: Consumption/usage of antimicrobial agents? | C13: Yes | D13: =IFERROR(INDEX(Lookups!$IZ$1:$IZ$2,MATCH($C13,Lookups!$IY$1:$IY$2,0)),0) -> 5 | E13: 5
A14: 3i | B14: Monitor: Waste management? | D14: =IFERROR(INDEX(Lookups!$JC$1:$JC$2,MATCH($C14,Lookups!$JB$1:$JB$2,0)),0) -> 0 | E14: 5
A15: 4 | B15: How frequently is the WHO Hand Hygiene Self-Assessment Framework Survey undertaken? | C15: Periodically, but no regular schedule | D15: =IFERROR(INDEX(Lookups!$JF$1:$JF$3,MATCH($C15,Lookups!$JE$1:$JE$3,0)),0) -> 2.5 | E15: 5
A16: 5a | B16: Feedback auditing reports: Yes, within the IPC team? | D16: =IFERROR(INDEX(Lookups!$JI$1:$JI$2,MATCH($C16,Lookups!$JH$1:$JH$2,0)),0) -> 0 | E16: 2.5
A17: 5b | B17: Feedback auditing reports: Yes, to department leaders and managers in areas audited? | C17: Yes | D17: =IFERROR(INDEX(Lookups!$JL$1:$JL$2,MATCH($C17,Lookups!$JK$1:$JK$2,0)),0) -> 2.5 | E17: 2.5
A18: 5c | B18: Feedback auditing reports: Yes, to frontline health care workers? | C18: No | D18: =IFERROR(INDEX(Lookups!$JO$1:$JO$2,MATCH($C18,Lookups!$JN$1:$JN$2,0)),0) -> 0 | E18: 2.5
A19: 5d | B19: Feedback auditing reports: Yes, to the IPC committee or quality of care committees? | C19: Yes | D19: =IFERROR(INDEX(Lookups!$JR$1:$JR$2,MATCH($C19,Lookups!$JQ$1:$JQ$2,0)),0) -> 2.5 | E19: 2.5
A20: 5e | B20: Feedback auditing reports: Yes, to hospital management and senior administration? | C20: Yes | D20: =IFERROR(INDEX(Lookups!$JU$1:$JU$2,MATCH($C20,Lookups!$JT$1:$JT$2,0)),0) -> 2.5 | E20: 2.5
A21: 6 | B21: Is the reporting of monitoring data undertaken regularly (at least annually)? | C21: No | D21: =IFERROR(INDEX(Lookups!$JX$1:$JX$2,MATCH($C21,Lookups!$JW$1:$JW$2,0)),0) -> 0 | E21: 10
A22: 7 | B22: Are monitoring and feedback of IPC processes/indicators performed in a “blame-free” institutional culture? | C22: No | D22: =IFERROR(INDEX(Lookups!$KA$1:$KA$2,MATCH($C22,Lookups!$JZ$1:$JZ$2,0)),0) -> 0 | E22: 5
A23: 8 | B23: Do you assess safety cultural factors in your facility (e.g. HSOPSC, SAQ, PSCHO, HSC)? | C23: No | D23: =IFERROR(INDEX(Lookups!$KD$1:$KD$2,MATCH($C23,Lookups!$KC$1:$KC$2,0)),0) -> 0 | E23: 5
A24: Subtotal score | D24: =SUM(D4:D23) -> 40 | E24: =SUM(E4:E23) -> 100

Sheet CC7
A1: Core component 7: Workload, staffing and bed occupancy
A2: Select your answer for each question from the dropdown list in column C. The score is calculated automatically.
A3: No. | B3: Question / Indicator | C3: Your answer (select from list) | D3: Score | E3: Max
A4: 1 | B4: Are appropriate staffing levels assessed according to patient workload using national standards or a standard staffing needs tool (e.g. WHO WISN)? | C4: No | D4: =IFERROR(INDEX(Lookups!$KG$1:$KG$2,MATCH($C4,Lookups!$KF$1:$KF$2,0)),0) -> 0 | E4: 5
A5: 2 | B5: Is an agreed (WHO or national) ratio of health care workers to patients maintained across your facility? | C5: No | D5: =IFERROR(INDEX(Lookups!$KJ$1:$KJ$4,MATCH($C5,Lookups!$KI$1:$KI$4,0)),0) -> 0 | E5: 15
A6: 3 | B6: Is a system in place to act on the results of staffing needs assessments when staffing levels are too low? | C6: No | D6: =IFERROR(INDEX(Lookups!$KM$1:$KM$2,MATCH($C6,Lookups!$KL$1:$KL$2,0)),0) -> 0 | E6: 10
A7: 4 | B7: Is the design of wards in accordance with international standards regarding bed capacity? | C7: No | D7: =IFERROR(INDEX(Lookups!$KP$1:$KP$3,MATCH($C7,Lookups!$KO$1:$KO$3,0)),0) -> 0 | E7: 15
A8: 5 | B8: Is bed occupancy in your facility kept to one patient per bed? | C8: Yes, for all units (including emergency departments and pediatrics) | D8: =IFERROR(INDEX(Lookups!$KS$1:$KS$3,MATCH($C8,Lookups!$KR$1:$KR$3,0)),0) -> 15 | E8: 15
A9: 6 | B9: Are patients placed in beds standing in the corridor outside of the room (including emergency department)? | C9: No | D9: =IFERROR(INDEX(Lookups!$KV$1:$KV$3,MATCH($C9,Lookups!$KU$1:$KU$3,0)),0) -> 15 | E9: 15
A10: 7 | B10: Is adequate spacing of > 1 meter between patient beds ensured? | C10: Yes, but only in certain departments | D10: =IFERROR(INDEX(Lookups!$KY$1:$KY$3,MATCH($C10,Lookups!$KX$1:$KX$3,0)),0) -> 5 | E10: 15
A11: 8 | B11: Is a system in place to assess and respond when adequate bed capacity is exceeded? | C11: No | D11: =IFERROR(INDEX(Lookups!$LB$1:$LB$3,MATCH($C11,Lookups!$LA$1:$LA$3,0)),0) -> 0 | E11: 10
A12: Subtotal score | D12: =SUM(D4:D11) -> 35 | E12: =SUM(E4:E11) -> 100

Sheet CC8
A1: Core component 8: Built environment, materials and equipment for IPC
A2: Select your answer for each question from the dropdown list in column C. The score is calculated automatically.
A3: No. | B3: Question / Indicator | C3: Your answer (select from list) | D3: Score | E3: Max
A4: 1 | B4: Are water services available at all times and of sufficient quantity for all uses? | C4: Yes, available on average ≥ 5 days per week or every day but not of sufficient quantity | D4: =IFERROR(INDEX(Lookups!$LE$1:$LE$3,MATCH($C4,Lookups!$LD$1:$LD$3,0)),0) -> 2.5 | E4: 7.5
A5: 2 | B5: Is a reliable safe drinking water station present and accessible for staff, patients and families at all times and in all locations? | D5: =IFERROR(INDEX(Lookups!$LH$1:$LH$3,MATCH($C5,Lookups!$LG$1:$LG$3,0)),0) -> 0 | E5: 7.5
A6: 3 | B6: Are functioning hand hygiene stations available at all points of care? | C6: No, not present | D6: =IFERROR(INDEX(Lookups!$LK$1:$LK$3,MATCH($C6,Lookups!$LJ$1:$LJ$3,0)),0) -> 0 | E6: 7.5
A7: 4 | B7: Are ≥ 4 toilets/improved latrines available for outpatient settings, or ≥ 1 per 20 users for inpatient settings? | C7: Sufficient number present but not all functioning | D7: =IFERROR(INDEX(Lookups!$LN$1:$LN$3,MATCH($C7,Lookups!$LM$1:$LM$3,0)),0) -> 2.5 | E7: 7.5
A8: 5 | B8: Is sufficient energy/power supply available day and night for all uses? | C8: Yes, sometimes or only in some of the mentioned areas | D8: =IFERROR(INDEX(Lookups!$LQ$1:$LQ$3,MATCH($C8,Lookups!$LP$1:$LP$3,0)),0) -> 2.5 | E8: 5
A9: 6 | B9: Is functioning environmental ventilation (natural or mechanical) available in patient care areas? | C9: Yes | D9: =IFERROR(INDEX(Lookups!$LT$1:$LT$2,MATCH($C9,Lookups!$LS$1:$LS$2,0)),0) -> 5 | E9: 5
A10: 7 | B10: For floors and horizontal work surfaces, is there an accessible record of cleaning, signed by cleaners each day? | C10: No record of floors/surfaces being cleaned | D10: =IFERROR(INDEX(Lookups!$LW$1:$LW$3,MATCH($C10,Lookups!$LV$1:$LV$3,0)),0) -> 0 | E10: 5
A11: 8 | B11: Are appropriate and well-maintained materials for cleaning available? | C11: Yes, available but not well maintained | D11: =IFERROR(INDEX(Lookups!$LZ$1:$LZ$3,MATCH($C11,Lookups!$LY$1:$LY$3,0)),0) -> 2.5 | E11: 5
A12: 9 | B12: Do you have single patient rooms or rooms for cohorting patients with similar pathogens if isolation rooms are insufficient? | C12: No single rooms but rather rooms suitable for patient cohorting available | D12: =IFERROR(INDEX(Lookups!$MC$1:$MC$3,MATCH($C12,Lookups!$MB$1:$MB$3,0)),0) -> 2.5 | E12: 7.5
A13: 10 | B13: Is PPE available at all times and in sufficient quantity for all uses for all health care workers? | C13: Yes, but not continuously available in sufficient quantities | D13: =IFERROR(INDEX(Lookups!$MF$1:$MF$3,MATCH($C13,Lookups!$ME$1:$ME$3,0)),0) -> 2.5 | E13: 7.5
A14: 11 | B14: Do you have functional waste collection containers for general, infectious and sharps waste close to all generation points? | C14: Separate bins present but lids missing/more than 3/4 full, or only two bins, or incomplete coverage | D14: =IFERROR(INDEX(Lookups!$MI$1:$MI$3,MATCH($C14,Lookups!$MH$1:$MH$3,0)),0) -> 2.5 | E14: 5
A15: 12 | B15: Is a functional burial pit/fenced waste dump or municipal pick-up available for disposal of non-infectious waste? | C15: Yes | D15: =IFERROR(INDEX(Lookups!$ML$1:$ML$3,MATCH($C15,Lookups!$MK$1:$MK$3,0)),0) -> 5 | E15: 5
A16: 13 | B16: Is an incinerator or alternative treatment technology for infectious and sharp waste present, functional and of sufficient capacity? | C16: Yes | D16: =IFERROR(INDEX(Lookups!$MO$1:$MO$3,MATCH($C16,Lookups!$MN$1:$MN$3,0)),0) -> 5 | E16: 5
A17: 14 | B17: Is a wastewater treatment system present (on or off site) and functioning reliably? | C17: No, not present | D17: =IFERROR(INDEX(Lookups!$MR$1:$MR$3,MATCH($C17,Lookups!$MQ$1:$MQ$3,0)),0) -> 0 | E17: 5
A18: 15 | B18: Does your facility provide a dedicated decontamination area and/or sterile supply department for decontamination and sterilization of medical devices? | C18: Yes, but not functioning reliably | D18: =IFERROR(INDEX(Lookups!$MU$1:$MU$3,MATCH($C18,Lookups!$MT$1:$MT$3,0)),0) -> 2.5 | E18: 5
A19: 16 | B19: Do you reliably have sterile and disinfected equipment ready for use? | C19: Yes, available on average ≥ five days per week or every day, but not of sufficient quantity | D19: =IFERROR(INDEX(Lookups!$MX$1:$MX$3,MATCH($C19,Lookups!$MW$1:$MW$3,0)),0) -> 2.5 | E19: 5
A20: 17 | B20: Are disposable items available when necessary (e.g. injection safety devices, examination gloves)? | C20: Yes, but only sometimes available | D20: =IFERROR(INDEX(Lookups!$NA$1:$NA$3,MATCH($C20,Lookups!$MZ$1:$MZ$3,0)),0) -> 2.5 | E20: 5
A21: Subtotal score | D21: =SUM(D4:D20) -> 40 | E21: =SUM(E4:E20) -> 100
